README.md	2701
data/000/1000_video.mp4	708111103
data/000/100_video.mp4	1239417569
data/000/101_video.mp4	1139661127
data/000/102_video.mp4	248423342
data/000/103_video.mp4	248702096
data/000/104_video.mp4	923747884
data/000/105_video.mp4	1993995117
data/000/106_video.mp4	2180364473
data/000/107_video.mp4	1259461999
data/000/108_video.mp4	688612445
data/000/109_video.mp4	1939424049
data/000/10_video.mp4	529073565
data/000/110_video.mp4	1071874138
data/000/111_video.mp4	1999042767
data/000/112_video.mp4	755171694
data/000/113_video.mp4	1981004682
data/000/114_video.mp4	1790675456
data/000/115_video.mp4	426113367
data/000/116_video.mp4	1942902427
data/000/117_video.mp4	763011481
data/000/118_video.mp4	1901546494
data/000/119_video.mp4	2005043762
data/000/11_video.mp4	807326104
data/000/120_video.mp4	88774999
data/000/121_video.mp4	496581226
data/000/122_video.mp4	1001375129
data/000/123_video.mp4	1816380223
data/000/124_video.mp4	1305366720
data/000/125_video.mp4	1098009884
data/000/126_video.mp4	1945174651
data/000/127_video.mp4	171525276
data/000/128_video.mp4	208891437
data/000/129_video.mp4	1813805932
data/000/12_video.mp4	1182253763
data/000/130_video.mp4	171060798
data/000/131_video.mp4	1848335279
data/000/132_video.mp4	175490407
data/000/133_video.mp4	118920275
data/000/134_video.mp4	212433609
data/000/135_video.mp4	1984682970
data/000/136_video.mp4	145864243
data/000/137_video.mp4	1904797862
data/000/138_video.mp4	741497577
data/000/139_video.mp4	1279278486
data/000/13_video.mp4	270270339
data/000/140_video.mp4	1182209842
data/000/141_video.mp4	1168585752
data/000/142_video.mp4	849734237
data/000/143_video.mp4	1226507079
data/000/144_video.mp4	1089931417
data/000/145_video.mp4	717784165
data/000/146_video.mp4	1439411984
data/000/147_video.mp4	782084363
data/000/148_video.mp4	2098693361
data/000/149_video.mp4	968639825
data/000/14_video.mp4	1139729009
data/000/150_video.mp4	4078842940
data/000/151_video.mp4	1251161405
data/000/152_video.mp4	2130775983
data/000/153_video.mp4	2720373980
data/000/154_video.mp4	3457955983
data/000/155_video.mp4	1265895056
data/000/156_video.mp4	2139706735
data/000/157_video.mp4	2106412203
data/000/158_video.mp4	583878955
data/000/159_video.mp4	2166345547
data/000/15_video.mp4	1033002179
data/000/160_video.mp4	1051362947
data/000/161_video.mp4	2025602607
data/000/162_video.mp4	2218804459
data/000/163_video.mp4	4030624824
data/000/164_video.mp4	2191832783
data/000/165_video.mp4	2490828544
data/000/166_video.mp4	2179322870
data/000/167_video.mp4	2106231387
data/000/168_video.mp4	4278129919
data/000/169_video.mp4	1305818769
data/000/16_video.mp4	857756169
data/000/170_video.mp4	1172669583
data/000/171_video.mp4	689448522
data/000/172_video.mp4	3190489265
data/000/173_video.mp4	3347308047
data/000/174_video.mp4	3592318157
data/000/175_video.mp4	616170453
data/000/176_video.mp4	2186280961
data/000/177_video.mp4	191995171
data/000/178_video.mp4	569160182
data/000/179_video.mp4	998920334
data/000/17_video.mp4	1787245323
data/000/180_video.mp4	852665642
data/000/181_video.mp4	2026995848
data/000/182_video.mp4	791162905
data/000/183_video.mp4	2041966160
data/000/184_video.mp4	760919734
data/000/185_video.mp4	2173162558
data/000/186_video.mp4	977879673
data/000/187_video.mp4	257515446
data/000/188_video.mp4	674709092
data/000/189_video.mp4	2096819560
data/000/18_video.mp4	1106819890
data/000/190_video.mp4	4257505596
data/000/191_video.mp4	920256909
data/000/192_video.mp4	316894269
data/000/193_video.mp4	278761055
data/000/194_video.mp4	2101810480
data/000/195_video.mp4	1158798416
data/000/196_video.mp4	2023031717
data/000/197_video.mp4	162826703
data/000/198_video.mp4	2099087664
data/000/199_video.mp4	830719605
data/000/19_video.mp4	1658450782
data/000/1_video.mp4	691171649
data/000/200_video.mp4	1158798416
data/000/201_video.mp4	884497800
data/000/202_video.mp4	2167059679
data/000/203_video.mp4	2072687454
data/000/204_video.mp4	812465091
data/000/205_video.mp4	464922254
data/000/206_video.mp4	2072445429
data/000/207_video.mp4	535295429
data/000/208_video.mp4	868148425
data/000/209_video.mp4	214867779
data/000/20_video.mp4	1899219110
data/000/210_video.mp4	2126940673
data/000/211_video.mp4	206787866
data/000/212_video.mp4	952414308
data/000/213_video.mp4	2021642794
data/000/214_video.mp4	2121617874
data/000/215_video.mp4	886162557
data/000/216_video.mp4	2106288706
data/000/217_video.mp4	807153920
data/000/218_video.mp4	228348905
data/000/219_video.mp4	889986689
data/000/21_video.mp4	2315387208
data/000/220_video.mp4	462741813
data/000/221_video.mp4	156962723
data/000/222_video.mp4	1599492071
data/000/223_video.mp4	347075315
data/000/224_video.mp4	870620084
data/000/225_video.mp4	1979632101
data/000/226_video.mp4	854305047
data/000/227_video.mp4	916922607
data/000/228_video.mp4	3932864950
data/000/229_video.mp4	884516979
data/000/22_video.mp4	717062129
data/000/230_video.mp4	575511982
data/000/231_video.mp4	1866252588
data/000/232_video.mp4	4180142007
data/000/233_video.mp4	88636808
data/000/234_video.mp4	3691964241
data/000/235_video.mp4	2345892762
data/000/236_video.mp4	823367902
data/000/237_video.mp4	2386396285
data/000/238_video.mp4	2323560736
data/000/239_video.mp4	466305741
data/000/23_video.mp4	359278481
data/000/240_video.mp4	476790459
data/000/241_video.mp4	906940993
data/000/242_video.mp4	2210369844
data/000/243_video.mp4	1680666541
data/000/244_video.mp4	1247658130
data/000/245_video.mp4	2360944659
data/000/246_video.mp4	466899325
data/000/247_video.mp4	631248968
data/000/248_video.mp4	2086032956
data/000/249_video.mp4	1195051824
data/000/24_video.mp4	1977525893
data/000/250_video.mp4	396361034
data/000/251_video.mp4	1344525846
data/000/252_video.mp4	2169703040
data/000/253_video.mp4	881831441
data/000/254_video.mp4	1418056781
data/000/255_video.mp4	1749335866
data/000/256_video.mp4	2069184189
data/000/257_video.mp4	600177983
data/000/258_video.mp4	921001035
data/000/259_video.mp4	3093051881
data/000/25_video.mp4	1773207446
data/000/260_video.mp4	4165241946
data/000/261_video.mp4	725335639
data/000/262_video.mp4	2071330644
data/000/263_video.mp4	696675757
data/000/264_video.mp4	305511325
data/000/265_video.mp4	1331854538
data/000/266_video.mp4	1048104497
data/000/267_video.mp4	427940322
data/000/268_video.mp4	2097165353
data/000/269_video.mp4	2032742125
data/000/26_video.mp4	2277263000
data/000/270_video.mp4	880817465
data/000/271_video.mp4	2156208213
data/000/272_video.mp4	873938976
data/000/273_video.mp4	380316681
data/000/274_video.mp4	525827670
data/000/275_video.mp4	2038403907
data/000/276_video.mp4	1534369387
data/000/277_video.mp4	898532530
data/000/278_video.mp4	1016305540
data/000/279_video.mp4	2054895591
data/000/27_video.mp4	1520512118
data/000/280_video.mp4	908526763
data/000/281_video.mp4	1073461655
data/000/282_video.mp4	1073461655
data/000/283_video.mp4	2004682367
data/000/284_video.mp4	298308900
data/000/285_video.mp4	446465749
data/000/286_video.mp4	1272929629
data/000/287_video.mp4	3383724808
data/000/288_video.mp4	3671880084
data/000/289_video.mp4	4306533029
data/000/28_video.mp4	997866467
data/000/290_video.mp4	3821219040
data/000/291_video.mp4	2099097399
data/000/292_video.mp4	4301552052
data/000/293_video.mp4	1924487904
data/000/294_video.mp4	945604216
data/000/295_video.mp4	2022728973
data/000/296_video.mp4	979574708
data/000/297_video.mp4	2008211629
data/000/298_video.mp4	1895124422
data/000/299_video.mp4	4868789852
data/000/29_video.mp4	564588864
data/000/2_video.mp4	628915215
data/000/300_video.mp4	2049821479
data/000/301_video.mp4	2263389038
data/000/302_video.mp4	2100707241
data/000/303_video.mp4	2072987408
data/000/304_video.mp4	1961035920
data/000/305_video.mp4	528094606
data/000/306_video.mp4	4907673565
data/000/307_video.mp4	2166857253
data/000/308_video.mp4	483908383
data/000/309_video.mp4	5038188184
data/000/30_video.mp4	534235289
data/000/310_video.mp4	1305948818
data/000/311_video.mp4	1816506668
data/000/312_video.mp4	1621584322
data/000/313_video.mp4	4860445008
data/000/314_video.mp4	2109738833
data/000/315_video.mp4	1955893193
data/000/316_video.mp4	1643047480
data/000/317_video.mp4	864460683
data/000/318_video.mp4	71092544
data/000/319_video.mp4	171405244
data/000/31_video.mp4	1189714211
data/000/320_video.mp4	144785611
data/000/321_video.mp4	2080538920
data/000/322_video.mp4	1721586682
data/000/323_video.mp4	111440215
data/000/324_video.mp4	1962650211
data/000/325_video.mp4	1876281981
data/000/326_video.mp4	2104001868
data/000/327_video.mp4	893222885
data/000/328_video.mp4	2060413253
data/000/329_video.mp4	1044202679
data/000/32_video.mp4	706936399
data/000/330_video.mp4	1064417121
data/000/331_video.mp4	168459720
data/000/332_video.mp4	445882198
data/000/333_video.mp4	2054226051
data/000/334_video.mp4	1647504808
data/000/335_video.mp4	922536182
data/000/336_video.mp4	1555391740
data/000/337_video.mp4	2060855843
data/000/338_video.mp4	2000598127
data/000/339_video.mp4	916996390
data/000/33_video.mp4	1378070421
data/000/340_video.mp4	826493651
data/000/341_video.mp4	804644998
data/000/342_video.mp4	786492818
data/000/343_video.mp4	866237954
data/000/344_video.mp4	908158700
data/000/345_video.mp4	849150782
data/000/346_video.mp4	788750167
data/000/347_video.mp4	1963730555
data/000/348_video.mp4	4930547549
data/000/349_video.mp4	2046502195
data/000/34_video.mp4	1945359051
data/000/350_video.mp4	4898411856
data/000/351_video.mp4	694960093
data/000/352_video.mp4	4907896531
data/000/353_video.mp4	303437928
data/000/354_video.mp4	554811555
data/000/355_video.mp4	2320738495
data/000/356_video.mp4	2380493891
data/000/357_video.mp4	2171696388
data/000/358_video.mp4	1037140063
data/000/359_video.mp4	177578167
data/000/35_video.mp4	208703346
data/000/360_video.mp4	1149509860
data/000/361_video.mp4	2258725735
data/000/362_video.mp4	1108188366
data/000/363_video.mp4	161703392
data/000/364_video.mp4	433208610
data/000/365_video.mp4	2154016186
data/000/366_video.mp4	1121680161
data/000/367_video.mp4	510980323
data/000/368_video.mp4	507654787
data/000/369_video.mp4	1253845548
data/000/36_video.mp4	569294419
data/000/370_video.mp4	486701618
data/000/371_video.mp4	1183537165
data/000/372_video.mp4	2109858603
data/000/373_video.mp4	584489688
data/000/374_video.mp4	684726826
data/000/375_video.mp4	270193700
data/000/376_video.mp4	1237085704
data/000/377_video.mp4	1989981190
data/000/378_video.mp4	1158966960
data/000/379_video.mp4	1189990697
data/000/37_video.mp4	630484114
data/000/380_video.mp4	683083272
data/000/381_video.mp4	2461733658
data/000/382_video.mp4	1330401447
data/000/383_video.mp4	1845768681
data/000/384_video.mp4	2665288323
data/000/385_video.mp4	1390858085
data/000/386_video.mp4	1413813457
data/000/387_video.mp4	152794829
data/000/388_video.mp4	443144659
data/000/389_video.mp4	1392132205
data/000/38_video.mp4	408990383
data/000/390_video.mp4	528137616
data/000/391_video.mp4	3011312158
data/000/392_video.mp4	1019009704
data/000/393_video.mp4	3192893208
data/000/394_video.mp4	318346352
data/000/395_video.mp4	219602403
data/000/396_video.mp4	1388361037
data/000/397_video.mp4	3463777531
data/000/398_video.mp4	715343029
data/000/399_video.mp4	273219321
data/000/39_video.mp4	345019118
data/000/3_video.mp4	102427059
data/000/400_video.mp4	1442740417
data/000/401_video.mp4	454530556
data/000/402_video.mp4	1401583763
data/000/403_video.mp4	1265482506
data/000/404_video.mp4	1360197360
data/000/405_video.mp4	664352357
data/000/406_video.mp4	2974874823
data/000/407_video.mp4	889383331
data/000/408_video.mp4	3258998608
data/000/409_video.mp4	697869485
data/000/40_video.mp4	453667858
data/000/410_video.mp4	1343256657
data/000/411_video.mp4	637443022
data/000/412_video.mp4	852282606
data/000/413_video.mp4	1456247424
data/000/414_video.mp4	294250646
data/000/415_video.mp4	330345940
data/000/416_video.mp4	3287679811
data/000/417_video.mp4	142334656
data/000/418_video.mp4	3270824502
data/000/419_video.mp4	1379146433
data/000/41_video.mp4	748131973
data/000/420_video.mp4	1372452894
data/000/421_video.mp4	3683239730
data/000/422_video.mp4	1370592845
data/000/423_video.mp4	1775238924
data/000/424_video.mp4	765028498
data/000/425_video.mp4	1398406684
data/000/426_video.mp4	1404796792
data/000/427_video.mp4	1928374097
data/000/428_video.mp4	1395474185
data/000/429_video.mp4	1408374989
data/000/42_video.mp4	2050239453
data/000/430_video.mp4	1980167993
data/000/431_video.mp4	961579484
data/000/432_video.mp4	785524081
data/000/433_video.mp4	1925653248
data/000/434_video.mp4	107997931
data/000/435_video.mp4	1873665722
data/000/436_video.mp4	1438148274
data/000/437_video.mp4	584344091
data/000/438_video.mp4	107984965
data/000/439_video.mp4	941293296
data/000/43_video.mp4	705176193
data/000/440_video.mp4	112999047
data/000/441_video.mp4	310289594
data/000/442_video.mp4	1814261745
data/000/443_video.mp4	1364374897
data/000/444_video.mp4	1060609639
data/000/445_video.mp4	370971922
data/000/446_video.mp4	2808629893
data/000/447_video.mp4	724706644
data/000/448_video.mp4	1841896379
data/000/449_video.mp4	736392706
data/000/44_video.mp4	650777928
data/000/450_video.mp4	1408104753
data/000/451_video.mp4	38542053
data/000/452_video.mp4	1425416309
data/000/453_video.mp4	485462710
data/000/454_video.mp4	222933817
data/000/455_video.mp4	327953565
data/000/456_video.mp4	334154682
data/000/457_video.mp4	1378375641
data/000/458_video.mp4	88960524
data/000/459_video.mp4	16510701
data/000/45_video.mp4	651876625
data/000/460_video.mp4	49458154
data/000/461_video.mp4	1870730235
data/000/462_video.mp4	261490250
data/000/463_video.mp4	566368708
data/000/464_video.mp4	370442223
data/000/465_video.mp4	419840608
data/000/466_video.mp4	246272653
data/000/467_video.mp4	1457611851
data/000/468_video.mp4	1347816899
data/000/469_video.mp4	672280262
data/000/46_video.mp4	493917734
data/000/470_video.mp4	1194181901
data/000/471_video.mp4	372864788
data/000/472_video.mp4	1807731606
data/000/473_video.mp4	1367448079
data/000/474_video.mp4	464190261
data/000/475_video.mp4	1359317828
data/000/476_video.mp4	1847084638
data/000/477_video.mp4	724672935
data/000/478_video.mp4	716352968
data/000/479_video.mp4	1407960921
data/000/47_video.mp4	595954236
data/000/480_video.mp4	1906774953
data/000/481_video.mp4	1172483247
data/000/482_video.mp4	1427785295
data/000/483_video.mp4	355738346
data/000/484_video.mp4	678908274
data/000/485_video.mp4	487355261
data/000/486_video.mp4	1098676145
data/000/487_video.mp4	1387037844
data/000/488_video.mp4	1716117048
data/000/489_video.mp4	849417872
data/000/48_video.mp4	636515566
data/000/490_video.mp4	336557242
data/000/491_video.mp4	1771552517
data/000/492_video.mp4	741907743
data/000/493_video.mp4	1722125004
data/000/494_video.mp4	929808310
data/000/495_video.mp4	1120229675
data/000/496_video.mp4	621717224
data/000/497_video.mp4	1582729400
data/000/498_video.mp4	886135033
data/000/499_video.mp4	1746708091
data/000/49_video.mp4	671335202
data/000/4_video.mp4	148484655
data/000/500_video.mp4	921035613
data/000/501_video.mp4	712803257
data/000/502_video.mp4	700393295
data/000/503_video.mp4	1042139775
data/000/504_video.mp4	1213448721
data/000/505_video.mp4	498067033
data/000/506_video.mp4	67188589
data/000/507_video.mp4	966944143
data/000/508_video.mp4	1756567482
data/000/509_video.mp4	939609499
data/000/50_video.mp4	674738539
data/000/510_video.mp4	398381535
data/000/511_video.mp4	1376894830
data/000/512_video.mp4	654234820
data/000/513_video.mp4	1425031409
data/000/514_video.mp4	1758911026
data/000/515_video.mp4	1359719565
data/000/516_video.mp4	1396783840
data/000/517_video.mp4	1390254220
data/000/518_video.mp4	533080849
data/000/519_video.mp4	800100050
data/000/51_video.mp4	655758340
data/000/520_video.mp4	791641599
data/000/521_video.mp4	2107420546
data/000/522_video.mp4	1329705174
data/000/523_video.mp4	1819633981
data/000/524_video.mp4	1396139556
data/000/525_video.mp4	1937992812
data/000/526_video.mp4	1010864647
data/000/527_video.mp4	1410018351
data/000/528_video.mp4	1970378132
data/000/529_video.mp4	1392412123
data/000/52_video.mp4	1922213930
data/000/530_video.mp4	1553952282
data/000/531_video.mp4	684017693
data/000/532_video.mp4	903368831
data/000/533_video.mp4	490376588
data/000/534_video.mp4	118237351
data/000/535_video.mp4	1005384760
data/000/536_video.mp4	1807183671
data/000/537_video.mp4	2133343257
data/000/538_video.mp4	1407387425
data/000/539_video.mp4	948341552
data/000/53_video.mp4	713283199
data/000/540_video.mp4	1201619001
data/000/541_video.mp4	1479173893
data/000/542_video.mp4	980464427
data/000/543_video.mp4	2099349600
data/000/544_video.mp4	1017767454
data/000/545_video.mp4	1145466229
data/000/546_video.mp4	1011941794
data/000/547_video.mp4	703392873
data/000/548_video.mp4	1415722750
data/000/549_video.mp4	732428739
data/000/54_video.mp4	614732491
data/000/550_video.mp4	1704397127
data/000/551_video.mp4	1397860722
data/000/552_video.mp4	1733487727
data/000/553_video.mp4	1405395066
data/000/554_video.mp4	184789618
data/000/555_video.mp4	353966638
data/000/556_video.mp4	668802631
data/000/557_video.mp4	804699708
data/000/558_video.mp4	2046780362
data/000/559_video.mp4	1021453778
data/000/55_video.mp4	656815428
data/000/560_video.mp4	842216743
data/000/561_video.mp4	1539230625
data/000/562_video.mp4	437842913
data/000/563_video.mp4	190464478
data/000/564_video.mp4	1462984128
data/000/565_video.mp4	217290272
data/000/566_video.mp4	120915268
data/000/567_video.mp4	1493054408
data/000/568_video.mp4	1569507343
data/000/569_video.mp4	914219193
data/000/56_video.mp4	1204989478
data/000/570_video.mp4	2007051131
data/000/571_video.mp4	46115377
data/000/572_video.mp4	55680985
data/000/573_video.mp4	2096755702
data/000/574_video.mp4	41461342
data/000/575_video.mp4	1741394529
data/000/576_video.mp4	711697184
data/000/577_video.mp4	65129377
data/000/578_video.mp4	52375359
data/000/579_video.mp4	1214352930
data/000/57_video.mp4	213384177
data/000/580_video.mp4	851214745
data/000/581_video.mp4	1325075963
data/000/582_video.mp4	53832829
data/000/583_video.mp4	65921429
data/000/584_video.mp4	1436421666
data/000/585_video.mp4	2165241743
data/000/586_video.mp4	945243404
data/000/587_video.mp4	39143561
data/000/588_video.mp4	1465175511
data/000/589_video.mp4	154870845
data/000/58_video.mp4	625931540
data/000/590_video.mp4	954286511
data/000/591_video.mp4	167778932
data/000/592_video.mp4	11009933
data/000/593_video.mp4	325592721
data/000/594_video.mp4	122767053
data/000/595_video.mp4	1794178552
data/000/596_video.mp4	138204457
data/000/597_video.mp4	887917910
data/000/598_video.mp4	461079046
data/000/599_video.mp4	1383378841
data/000/59_video.mp4	470616435
data/000/5_video.mp4	658039603
data/000/600_video.mp4	451082860
data/000/601_video.mp4	337380636
data/000/602_video.mp4	85471248
data/000/603_video.mp4	1392648941
data/000/604_video.mp4	46282732
data/000/605_video.mp4	49039179
data/000/606_video.mp4	80551881
data/000/607_video.mp4	1634124685
data/000/608_video.mp4	1452952148
data/000/609_video.mp4	92215578
data/000/60_video.mp4	392134899
data/000/610_video.mp4	77966174
data/000/611_video.mp4	2050424432
data/000/612_video.mp4	1509167432
data/000/613_video.mp4	2138139600
data/000/614_video.mp4	1373472922
data/000/615_video.mp4	48092748
data/000/616_video.mp4	1443414302
data/000/617_video.mp4	1399314270
data/000/618_video.mp4	1544603322
data/000/619_video.mp4	1123691152
data/000/61_video.mp4	410826001
data/000/620_video.mp4	464575949
data/000/621_video.mp4	861818498
data/000/622_video.mp4	553353138
data/000/623_video.mp4	1851998463
data/000/624_video.mp4	1427973933
data/000/625_video.mp4	1772926025
data/000/626_video.mp4	2063763866
data/000/627_video.mp4	1836668453
data/000/628_video.mp4	1420868293
data/000/629_video.mp4	464935080
data/000/62_video.mp4	545008101
data/000/630_video.mp4	1660720616
data/000/631_video.mp4	1930098686
data/000/632_video.mp4	1483251738
data/000/633_video.mp4	105950356
data/000/634_video.mp4	444984352
data/000/635_video.mp4	1666663085
data/000/636_video.mp4	2101591457
data/000/637_video.mp4	1618748773
data/000/638_video.mp4	706686479
data/000/639_video.mp4	2102427528
data/000/63_video.mp4	288486762
data/000/640_video.mp4	854481503
data/000/641_video.mp4	1994283927
data/000/642_video.mp4	459357745
data/000/643_video.mp4	2107326171
data/000/644_video.mp4	1445201361
data/000/645_video.mp4	379127400
data/000/646_video.mp4	1593450953
data/000/647_video.mp4	2087315514
data/000/648_video.mp4	698946958
data/000/649_video.mp4	312234428
data/000/64_video.mp4	396467362
data/000/650_video.mp4	294894800
data/000/651_video.mp4	1274884394
data/000/652_video.mp4	2129555369
data/000/653_video.mp4	2045285726
data/000/654_video.mp4	781097360
data/000/655_video.mp4	1698750156
data/000/656_video.mp4	358357428
data/000/657_video.mp4	1717570945
data/000/658_video.mp4	2094279357
data/000/659_video.mp4	869872762
data/000/65_video.mp4	604890083
data/000/660_video.mp4	554351840
data/000/661_video.mp4	322675390
data/000/662_video.mp4	473099850
data/000/663_video.mp4	775915353
data/000/664_video.mp4	1555332952
data/000/665_video.mp4	1394128486
data/000/666_video.mp4	702303186
data/000/667_video.mp4	563695758
data/000/668_video.mp4	1050454093
data/000/669_video.mp4	1973570653
data/000/66_video.mp4	646568326
data/000/670_video.mp4	1752778405
data/000/671_video.mp4	578379941
data/000/672_video.mp4	448966934
data/000/673_video.mp4	2096863688
data/000/674_video.mp4	2105104931
data/000/675_video.mp4	2087327019
data/000/676_video.mp4	1712054667
data/000/677_video.mp4	2189739164
data/000/678_video.mp4	2081220323
data/000/679_video.mp4	876905087
data/000/67_video.mp4	1199402108
data/000/680_video.mp4	802201026
data/000/681_video.mp4	2082978874
data/000/682_video.mp4	1678285099
data/000/683_video.mp4	2093451205
data/000/684_video.mp4	57931261
data/000/685_video.mp4	52322090
data/000/686_video.mp4	57989876
data/000/687_video.mp4	61524490
data/000/688_video.mp4	54729790
data/000/689_video.mp4	56697497
data/000/68_video.mp4	298795361
data/000/690_video.mp4	58395024
data/000/691_video.mp4	59321098
data/000/692_video.mp4	1108870420
data/000/693_video.mp4	56245691
data/000/694_video.mp4	49020566
data/000/695_video.mp4	1797003476
data/000/696_video.mp4	63956190
data/000/697_video.mp4	69089269
data/000/698_video.mp4	74678535
data/000/699_video.mp4	58885364
data/000/69_video.mp4	828107820
data/000/6_video.mp4	1348689842
data/000/700_video.mp4	58748176
data/000/701_video.mp4	1439295608
data/000/702_video.mp4	63337740
data/000/703_video.mp4	53200699
data/000/704_video.mp4	57433247
data/000/705_video.mp4	45307532
data/000/706_video.mp4	2123643902
data/000/707_video.mp4	825212973
data/000/708_video.mp4	701225389
data/000/709_video.mp4	622547502
data/000/70_video.mp4	1105103512
data/000/710_video.mp4	503794499
data/000/711_video.mp4	650579497
data/000/712_video.mp4	951614366
data/000/713_video.mp4	1838387105
data/000/714_video.mp4	1037810409
data/000/715_video.mp4	705308310
data/000/716_video.mp4	2092328445
data/000/717_video.mp4	867797622
data/000/718_video.mp4	710358289
data/000/719_video.mp4	300807811
data/000/71_video.mp4	1052644456
data/000/720_video.mp4	759718111
data/000/721_video.mp4	452727808
data/000/722_video.mp4	1019089142
data/000/723_video.mp4	842592885
data/000/724_video.mp4	2201647990
data/000/725_video.mp4	888005249
data/000/726_video.mp4	570847479
data/000/727_video.mp4	2130117730
data/000/728_video.mp4	890364847
data/000/729_video.mp4	707483985
data/000/72_video.mp4	1157313713
data/000/730_video.mp4	2089729209
data/000/731_video.mp4	2130080167
data/000/732_video.mp4	1643809750
data/000/733_video.mp4	478678256
data/000/734_video.mp4	980195847
data/000/735_video.mp4	194533499
data/000/736_video.mp4	111951096
data/000/737_video.mp4	662035288
data/000/738_video.mp4	1752652803
data/000/739_video.mp4	75204382
data/000/73_video.mp4	1271617424
data/000/740_video.mp4	71449562
data/000/741_video.mp4	98046159
data/000/742_video.mp4	117478837
data/000/743_video.mp4	93285718
data/000/744_video.mp4	88707709
data/000/745_video.mp4	98419027
data/000/746_video.mp4	851476431
data/000/747_video.mp4	1614375065
data/000/748_video.mp4	750054518
data/000/749_video.mp4	1265124483
data/000/74_video.mp4	1203202370
data/000/750_video.mp4	892713121
data/000/751_video.mp4	145960200
data/000/752_video.mp4	1219722250
data/000/753_video.mp4	78795233
data/000/754_video.mp4	1326905106
data/000/755_video.mp4	112575077
data/000/756_video.mp4	282173640
data/000/757_video.mp4	788844271
data/000/758_video.mp4	48903062
data/000/759_video.mp4	702924229
data/000/75_video.mp4	1174892545
data/000/760_video.mp4	70976722
data/000/761_video.mp4	98375040
data/000/762_video.mp4	1865339380
data/000/763_video.mp4	368885592
data/000/764_video.mp4	386018567
data/000/765_video.mp4	963037227
data/000/766_video.mp4	2202587684
data/000/767_video.mp4	749909443
data/000/768_video.mp4	622903941
data/000/769_video.mp4	1452540106
data/000/76_video.mp4	1307000332
data/000/770_video.mp4	1002486527
data/000/771_video.mp4	1183725741
data/000/772_video.mp4	843817130
data/000/773_video.mp4	768356115
data/000/774_video.mp4	456044029
data/000/775_video.mp4	2134974094
data/000/776_video.mp4	730774956
data/000/777_video.mp4	1961735580
data/000/778_video.mp4	1976770665
data/000/779_video.mp4	2554173900
data/000/77_video.mp4	1205436037
data/000/780_video.mp4	606923487
data/000/781_video.mp4	496774203
data/000/782_video.mp4	427222517
data/000/783_video.mp4	1392501343
data/000/784_video.mp4	698778061
data/000/785_video.mp4	1372898837
data/000/786_video.mp4	1575858311
data/000/787_video.mp4	138494833
data/000/788_video.mp4	1432824050
data/000/789_video.mp4	331870057
data/000/78_video.mp4	1261436250
data/000/790_video.mp4	941032528
data/000/791_video.mp4	453086612
data/000/792_video.mp4	1104787864
data/000/793_video.mp4	1119662492
data/000/794_video.mp4	377982792
data/000/795_video.mp4	1011698945
data/000/796_video.mp4	1058575798
data/000/797_video.mp4	439329466
data/000/798_video.mp4	2106714649
data/000/799_video.mp4	2108142317
data/000/79_video.mp4	1180302411
data/000/7_video.mp4	1321670560
data/000/800_video.mp4	2215935783
data/000/801_video.mp4	2162174593
data/000/802_video.mp4	510835955
data/000/803_video.mp4	2157364484
data/000/804_video.mp4	2040666842
data/000/805_video.mp4	978962841
data/000/806_video.mp4	2009781035
data/000/807_video.mp4	2059858890
data/000/808_video.mp4	134397544
data/000/809_video.mp4	1125124082
data/000/80_video.mp4	1251257950
data/000/810_video.mp4	2079355009
data/000/811_video.mp4	1149911018
data/000/812_video.mp4	2098120402
data/000/813_video.mp4	1763767995
data/000/814_video.mp4	2108040881
data/000/815_video.mp4	829037710
data/000/816_video.mp4	941851852
data/000/817_video.mp4	1272853545
data/000/818_video.mp4	1920291334
data/000/819_video.mp4	72222731
data/000/81_video.mp4	1210757721
data/000/820_video.mp4	2065688766
data/000/821_video.mp4	1049453133
data/000/822_video.mp4	111980940
data/000/823_video.mp4	601394534
data/000/824_video.mp4	82998350
data/000/825_video.mp4	99832454
data/000/826_video.mp4	757403619
data/000/827_video.mp4	863351346
data/000/828_video.mp4	82420597
data/000/829_video.mp4	103152201
data/000/82_video.mp4	1093688435
data/000/830_video.mp4	78855720
data/000/831_video.mp4	51244253
data/000/832_video.mp4	875275698
data/000/833_video.mp4	52609025
data/000/834_video.mp4	2496062747
data/000/835_video.mp4	90807733
data/000/836_video.mp4	938984364
data/000/837_video.mp4	78205658
data/000/838_video.mp4	76958375
data/000/839_video.mp4	75220613
data/000/83_video.mp4	1234876826
data/000/840_video.mp4	86132823
data/000/841_video.mp4	1815517510
data/000/842_video.mp4	620979133
data/000/843_video.mp4	361596178
data/000/844_video.mp4	1845010470
data/000/845_video.mp4	3028738565
data/000/846_video.mp4	1040219180
data/000/847_video.mp4	2994719816
data/000/848_video.mp4	836853420
data/000/849_video.mp4	1622031432
data/000/84_video.mp4	1238593614
data/000/850_video.mp4	1746190895
data/000/851_video.mp4	714987586
data/000/852_video.mp4	1688729680
data/000/853_video.mp4	604568725
data/000/854_video.mp4	1127668763
data/000/855_video.mp4	2231138800
data/000/856_video.mp4	758568569
data/000/857_video.mp4	2062482163
data/000/858_video.mp4	950785223
data/000/859_video.mp4	1620451493
data/000/85_video.mp4	1264738315
data/000/860_video.mp4	1501015219
data/000/861_video.mp4	2674053642
data/000/862_video.mp4	780643317
data/000/863_video.mp4	930887377
data/000/864_video.mp4	1381362264
data/000/865_video.mp4	952622859
data/000/866_video.mp4	2112530497
data/000/867_video.mp4	1820725749
data/000/868_video.mp4	360832787
data/000/869_video.mp4	1082232866
data/000/86_video.mp4	923204748
data/000/870_video.mp4	493901611
data/000/871_video.mp4	379260748
data/000/872_video.mp4	387874169
data/000/873_video.mp4	911000594
data/000/874_video.mp4	2182827464
data/000/875_video.mp4	453300740
data/000/876_video.mp4	797438403
data/000/877_video.mp4	351913040
data/000/878_video.mp4	1809961932
data/000/879_video.mp4	1098087064
data/000/87_video.mp4	1733625033
data/000/880_video.mp4	1217762080
data/000/881_video.mp4	872424404
data/000/882_video.mp4	989568975
data/000/883_video.mp4	2135614184
data/000/884_video.mp4	831441153
data/000/885_video.mp4	332503535
data/000/886_video.mp4	979069897
data/000/887_video.mp4	606926122
data/000/888_video.mp4	1364064110
data/000/889_video.mp4	318792094
data/000/88_video.mp4	1580500483
data/000/890_video.mp4	957504049
data/000/891_video.mp4	1412183309
data/000/892_video.mp4	473106932
data/000/893_video.mp4	2053526870
data/000/894_video.mp4	770223838
data/000/895_video.mp4	864230961
data/000/896_video.mp4	662517345
data/000/897_video.mp4	1309631019
data/000/898_video.mp4	2033782808
data/000/899_video.mp4	40801574
data/000/89_video.mp4	352093868
data/000/8_video.mp4	449789962
data/000/900_video.mp4	1441029809
data/000/901_video.mp4	476269354
data/000/902_video.mp4	2153604978
data/000/903_video.mp4	1567429566
data/000/904_video.mp4	752307724
data/000/905_video.mp4	945083899
data/000/906_video.mp4	1396698392
data/000/907_video.mp4	1162769953
data/000/908_video.mp4	277861148
data/000/909_video.mp4	414138185
data/000/90_video.mp4	904828154
data/000/910_video.mp4	1388924618
data/000/911_video.mp4	1584598837
data/000/912_video.mp4	459498184
data/000/913_video.mp4	612817115
data/000/914_video.mp4	2443088184
data/000/915_video.mp4	1033033723
data/000/916_video.mp4	479584509
data/000/917_video.mp4	1353163210
data/000/918_video.mp4	74575840
data/000/919_video.mp4	1435560333
data/000/91_video.mp4	1548805797
data/000/920_video.mp4	706515352
data/000/921_video.mp4	2187341493
data/000/922_video.mp4	714862379
data/000/923_video.mp4	2210575864
data/000/924_video.mp4	90778724
data/000/925_video.mp4	1908237620
data/000/926_video.mp4	713221985
data/000/927_video.mp4	2172284111
data/000/928_video.mp4	984762256
data/000/929_video.mp4	2066140510
data/000/92_video.mp4	1519712747
data/000/930_video.mp4	831888743
data/000/931_video.mp4	1635988548
data/000/932_video.mp4	464191684
data/000/933_video.mp4	2217239210
data/000/934_video.mp4	899352550
data/000/935_video.mp4	742215594
data/000/936_video.mp4	769414852
data/000/937_video.mp4	688498304
data/000/938_video.mp4	1717280089
data/000/939_video.mp4	459834744
data/000/93_video.mp4	1625282387
data/000/940_video.mp4	676006424
data/000/941_video.mp4	76281427
data/000/942_video.mp4	1838794215
data/000/943_video.mp4	97340130
data/000/944_video.mp4	110517947
data/000/945_video.mp4	1049288605
data/000/946_video.mp4	79756915
data/000/947_video.mp4	121405853
data/000/948_video.mp4	168205629
data/000/949_video.mp4	94127434
data/000/94_video.mp4	1625479079
data/000/950_video.mp4	131497154
data/000/951_video.mp4	111308571
data/000/952_video.mp4	708006355
data/000/953_video.mp4	1078302037
data/000/954_video.mp4	99579566
data/000/955_video.mp4	96879796
data/000/956_video.mp4	363646019
data/000/957_video.mp4	123143213
data/000/958_video.mp4	1337465407
data/000/959_video.mp4	1613051912
data/000/95_video.mp4	758324515
data/000/960_video.mp4	110542840
data/000/961_video.mp4	973959249
data/000/962_video.mp4	2188483657
data/000/963_video.mp4	93751851
data/000/964_video.mp4	1888192958
data/000/965_video.mp4	775179791
data/000/966_video.mp4	1406950566
data/000/967_video.mp4	2056328270
data/000/968_video.mp4	1795037973
data/000/969_video.mp4	2086554417
data/000/96_video.mp4	1739163074
data/000/970_video.mp4	44998452
data/000/971_video.mp4	368463750
data/000/972_video.mp4	531435318
data/000/973_video.mp4	2507906753
data/000/974_video.mp4	1552605079
data/000/975_video.mp4	1506660605
data/000/976_video.mp4	221774655
data/000/977_video.mp4	450010350
data/000/978_video.mp4	480363159
data/000/979_video.mp4	1317791724
data/000/97_video.mp4	540630394
data/000/980_video.mp4	1267873328
data/000/981_video.mp4	674710283
data/000/982_video.mp4	678349538
data/000/983_video.mp4	313245644
data/000/984_video.mp4	1016929311
data/000/985_video.mp4	2217793897
data/000/986_video.mp4	925577937
data/000/987_video.mp4	340258297
data/000/988_video.mp4	2139407942
data/000/989_video.mp4	939110061
data/000/98_video.mp4	2356304736
data/000/990_video.mp4	2378713866
data/000/991_video.mp4	1733658589
data/000/992_video.mp4	1296946593
data/000/993_video.mp4	877726616
data/000/994_video.mp4	440320967
data/000/995_video.mp4	1001826644
data/000/996_video.mp4	2084441968
data/000/997_video.mp4	193547195
data/000/998_video.mp4	1089050171
data/000/999_video.mp4	337161361
data/000/99_video.mp4	1973548558
data/000/9_video.mp4	890411763
data/001/1001_video.mp4	338614567
data/001/1002_video.mp4	959850955
data/001/1003_video.mp4	1888410008
data/001/1004_video.mp4	470624423
data/001/1005_video.mp4	2400082315
data/001/1006_video.mp4	683087459
data/001/1007_video.mp4	852733340
data/001/1008_video.mp4	723345271
data/001/1009_video.mp4	1527518547
data/001/1010_video.mp4	593479258
data/001/1011_video.mp4	2398001890
data/001/1012_video.mp4	1064636186
data/001/1013_video.mp4	1454102513
data/001/1014_video.mp4	2100931279
data/001/1015_video.mp4	47305242
data/001/1016_video.mp4	920648949
data/001/1017_video.mp4	1670333780
data/001/1018_video.mp4	1582716438
data/001/1019_video.mp4	1499294479
data/001/1020_video.mp4	201000253
data/001/1021_video.mp4	125270770
data/001/1022_video.mp4	25674271
data/001/1023_video.mp4	48959740
data/001/1024_video.mp4	43437461
data/001/1025_video.mp4	77888969
data/001/1026_video.mp4	72258349
data/001/1027_video.mp4	92884250
data/001/1028_video.mp4	56865762
data/001/1029_video.mp4	29324569
data/001/1030_video.mp4	38754699
data/001/1031_video.mp4	46979476
data/001/1032_video.mp4	32783796
data/001/1033_video.mp4	13287650
data/001/1034_video.mp4	20897711
data/001/1035_video.mp4	32735147
data/001/1036_video.mp4	41660579
data/001/1037_video.mp4	30980075
data/001/1038_video.mp4	27138723
data/001/1039_video.mp4	11536544
data/001/1040_video.mp4	31246277
data/001/1041_video.mp4	33943774
data/001/1042_video.mp4	69838558
data/001/1043_video.mp4	27013984
data/001/1044_video.mp4	58450592
data/001/1045_video.mp4	48277696
data/001/1046_video.mp4	39273191
data/001/1047_video.mp4	336879855
data/001/1048_video.mp4	339018460
data/001/1049_video.mp4	1388246833
data/001/1050_video.mp4	335990442
data/001/1051_video.mp4	338110672
data/001/1052_video.mp4	337972278
data/001/1053_video.mp4	344245983
data/001/1054_video.mp4	574447713
data/001/1055_video.mp4	347955381
data/001/1056_video.mp4	2084680654
data/001/1057_video.mp4	709669770
data/001/1058_video.mp4	2400919567
data/001/1059_video.mp4	1070226025
data/001/1060_video.mp4	1922650785
data/001/1061_video.mp4	1424179840
data/001/1062_video.mp4	781769993
data/001/1063_video.mp4	2397667083
data/001/1064_video.mp4	890752842
data/001/1065_video.mp4	1626206914
data/001/1066_video.mp4	2146409314
data/001/1067_video.mp4	758090191
data/001/1068_video.mp4	1262203130
data/001/1069_video.mp4	1329238430
data/001/1070_video.mp4	1382584288
data/001/1071_video.mp4	825036811
data/001/1072_video.mp4	2414868746
data/001/1073_video.mp4	141611816
data/001/1074_video.mp4	170658465
data/001/1075_video.mp4	446869146
data/001/1076_video.mp4	87954640
data/001/1077_video.mp4	324722901
data/001/1078_video.mp4	1305045959
data/001/1079_video.mp4	1238012296
data/001/1080_video.mp4	160739906
data/001/1081_video.mp4	377701397
data/001/1082_video.mp4	2127571724
data/001/1083_video.mp4	230299638
data/001/1084_video.mp4	258090923
data/001/1085_video.mp4	63677619
data/001/1086_video.mp4	577823443
data/001/1087_video.mp4	928440048
data/001/1088_video.mp4	1874606291
data/001/1089_video.mp4	2109278987
data/001/1090_video.mp4	867383123
data/001/1091_video.mp4	154799512
data/001/1092_video.mp4	323269397
data/001/1093_video.mp4	722715318
data/001/1094_video.mp4	280335683
data/001/1095_video.mp4	1212510030
data/001/1096_video.mp4	1081569540
data/001/1097_video.mp4	1767920474
data/001/1098_video.mp4	387122964
data/001/1099_video.mp4	250125171
data/001/1100_video.mp4	1446389523
data/001/1101_video.mp4	1784938017
data/001/1102_video.mp4	379100543
data/001/1103_video.mp4	2499012880
data/001/1104_video.mp4	971850716
data/001/1105_video.mp4	271560475
data/001/1106_video.mp4	800150412
data/001/1107_video.mp4	40443724
data/001/1108_video.mp4	3115114057
data/001/1109_video.mp4	1310806266
data/001/1110_video.mp4	2588567321
data/001/1111_video.mp4	1254977426
data/001/1112_video.mp4	1982874183
data/001/1113_video.mp4	793894766
data/001/1114_video.mp4	651818870
data/001/1115_video.mp4	1243941124
data/001/1116_video.mp4	70288792
data/001/1117_video.mp4	1426921890
data/001/1118_video.mp4	539545055
data/001/1119_video.mp4	695178394
data/001/1120_video.mp4	295591636
data/001/1121_video.mp4	1272930315
data/001/1122_video.mp4	513764578
data/001/1123_video.mp4	1228075002
data/001/1124_video.mp4	326943606
data/001/1125_video.mp4	1974267967
data/001/1126_video.mp4	712073061
data/001/1127_video.mp4	761743004
data/001/1128_video.mp4	1513460840
data/001/1129_video.mp4	1542154824
data/001/1130_video.mp4	2583708563
data/001/1131_video.mp4	687044083
data/001/1132_video.mp4	2237999964
data/001/1133_video.mp4	400830138
data/001/1134_video.mp4	3966143960
data/001/1135_video.mp4	484613526
data/001/1136_video.mp4	411425499
data/001/1137_video.mp4	2405316978
data/001/1138_video.mp4	1832999656
data/001/1139_video.mp4	900678757
data/001/1140_video.mp4	102371393
data/001/1141_video.mp4	304876337
data/001/1142_video.mp4	128437100
data/001/1143_video.mp4	186234648
data/001/1144_video.mp4	263989331
data/001/1145_video.mp4	1537548309
data/001/1146_video.mp4	941610630
data/001/1147_video.mp4	856857716
data/001/1148_video.mp4	2205331201
data/001/1149_video.mp4	684688585
data/001/1150_video.mp4	2093389539
data/001/1151_video.mp4	404754374
data/001/1152_video.mp4	1917783714
data/001/1153_video.mp4	343987465
data/001/1154_video.mp4	1455861961
data/001/1155_video.mp4	1221958076
data/001/1156_video.mp4	842024181
data/001/1157_video.mp4	2316745358
data/001/1158_video.mp4	2397560081
data/001/1159_video.mp4	560159060
data/001/1160_video.mp4	2405380021
data/001/1161_video.mp4	1941722134
data/001/1162_video.mp4	69880940
data/001/1163_video.mp4	2212821362
data/001/1164_video.mp4	2339231596
data/001/1165_video.mp4	2056798189
data/001/1166_video.mp4	456853903
data/001/1167_video.mp4	1442674276
data/001/1168_video.mp4	1182752987
data/001/1169_video.mp4	1918707556
data/001/1170_video.mp4	2450799846
data/001/1171_video.mp4	1088705785
data/001/1172_video.mp4	258988507
data/001/1173_video.mp4	111574924
data/001/1174_video.mp4	1049449683
data/001/1175_video.mp4	18898137
data/001/1176_video.mp4	187844548
data/001/1177_video.mp4	605159159
data/001/1178_video.mp4	1204159624
data/001/1179_video.mp4	100345521
data/001/1180_video.mp4	2355164678
data/001/1181_video.mp4	2429875715
data/001/1182_video.mp4	792364768
data/001/1183_video.mp4	254305712
data/001/1184_video.mp4	55340904
data/001/1185_video.mp4	111904153
data/001/1186_video.mp4	951160493
data/001/1187_video.mp4	1096381087
data/001/1188_video.mp4	1335196721
data/001/1189_video.mp4	1671713239
data/001/1190_video.mp4	1435503742
data/001/1191_video.mp4	1888212716
data/001/1192_video.mp4	962057108
data/001/1193_video.mp4	2816115864
data/001/1194_video.mp4	1362168998
data/001/1195_video.mp4	2483687570
data/001/1196_video.mp4	610625018
data/001/1197_video.mp4	2538963661
data/001/1198_video.mp4	1122125924
data/001/1199_video.mp4	1299710792
data/001/1200_video.mp4	2445234268
data/001/1201_video.mp4	2151310054
data/001/1202_video.mp4	1977628580
data/001/1203_video.mp4	760441463
data/001/1204_video.mp4	2022777969
data/001/1205_video.mp4	1400504462
data/001/1206_video.mp4	3404629120
data/001/1207_video.mp4	2934189772
data/001/1208_video.mp4	2506178776
data/001/1209_video.mp4	1032535152
data/001/1210_video.mp4	2145935159
data/001/1211_video.mp4	2489006121
data/001/1212_video.mp4	520107399
data/001/1213_video.mp4	545764651
data/001/1214_video.mp4	674347314
data/001/1215_video.mp4	550810112
data/001/1216_video.mp4	724559829
data/001/1217_video.mp4	647532921
data/001/1218_video.mp4	2218943405
data/001/1219_video.mp4	684296767
data/001/1220_video.mp4	570955152
data/001/1221_video.mp4	2011663514
data/001/1222_video.mp4	523740212
data/001/1223_video.mp4	2064585494
data/001/1224_video.mp4	628061554
data/001/1225_video.mp4	602483555
data/001/1226_video.mp4	377739395
data/001/1227_video.mp4	731510076
data/001/1228_video.mp4	857843741
data/001/1229_video.mp4	680947035
data/001/1230_video.mp4	880382166
data/001/1231_video.mp4	2438309664
data/001/1232_video.mp4	878589529
data/001/1233_video.mp4	684351988
data/001/1234_video.mp4	1011323855
data/001/1235_video.mp4	675225094
data/001/1236_video.mp4	1158451504
data/001/1237_video.mp4	166724710
data/001/1238_video.mp4	1473478788
data/001/1239_video.mp4	91292578
data/001/1240_video.mp4	2069267989
data/001/1241_video.mp4	1016284232
data/001/1242_video.mp4	1022063122
data/001/1243_video.mp4	1191259885
data/001/1244_video.mp4	1016647319
data/001/1245_video.mp4	2133647122
data/001/1246_video.mp4	1022627705
data/001/1247_video.mp4	1019670025
data/001/1248_video.mp4	1016946187
data/001/1249_video.mp4	2428596182
data/001/1250_video.mp4	811157675
data/001/1251_video.mp4	534005783
data/001/1252_video.mp4	534633673
data/001/1253_video.mp4	396881857
data/001/1254_video.mp4	2417128454
data/001/1255_video.mp4	411284184
data/001/1256_video.mp4	2072353323
data/001/1257_video.mp4	199369519
data/001/1258_video.mp4	2852209002
data/001/1259_video.mp4	452790467
data/001/1260_video.mp4	1524662753
data/001/1261_video.mp4	2102691956
data/001/1262_video.mp4	1111239423
data/001/1263_video.mp4	1232484645
data/001/1264_video.mp4	1867703597
data/001/1265_video.mp4	1924117758
data/001/1266_video.mp4	1301029752
data/001/1267_video.mp4	962649336
data/001/1268_video.mp4	1568009466
data/001/1269_video.mp4	1023858394
data/001/1270_video.mp4	192827982
data/001/1271_video.mp4	163495044
data/001/1272_video.mp4	344532156
data/001/1273_video.mp4	2831659838
data/001/1274_video.mp4	2253330628
data/001/1275_video.mp4	3809634791
data/001/1276_video.mp4	1203488462
data/001/1277_video.mp4	228403984
data/001/1278_video.mp4	526592157
data/001/1279_video.mp4	410193941
data/001/1280_video.mp4	1889126945
data/001/1281_video.mp4	140806356
data/001/1282_video.mp4	380844891
data/001/1283_video.mp4	744289258
data/001/1284_video.mp4	411697035
data/001/1285_video.mp4	81248676
data/001/1286_video.mp4	429651547
data/001/1287_video.mp4	408935355
data/001/1288_video.mp4	1223858746
data/001/1289_video.mp4	1552798153
data/001/1290_video.mp4	254102108
data/001/1291_video.mp4	894816429
data/001/1292_video.mp4	4055392684
data/001/1293_video.mp4	1298302126
data/001/1294_video.mp4	2409277471
data/001/1295_video.mp4	789051209
data/001/1296_video.mp4	859914045
data/001/1297_video.mp4	2294792192
data/001/1298_video.mp4	1186466931
data/001/1299_video.mp4	1015196790
data/001/1300_video.mp4	1193083661
data/001/1301_video.mp4	580939940
data/001/1302_video.mp4	1249528805
data/001/1303_video.mp4	971283336
data/001/1304_video.mp4	1785578227
data/001/1305_video.mp4	2051957226
data/001/1306_video.mp4	2113026074
data/001/1307_video.mp4	853176626
data/001/1308_video.mp4	1124667394
data/001/1309_video.mp4	693016735
data/001/1310_video.mp4	1421008675
data/001/1311_video.mp4	1288294507
data/001/1312_video.mp4	943009209
data/001/1313_video.mp4	951291499
data/001/1314_video.mp4	1566693193
data/001/1315_video.mp4	68030974
data/001/1316_video.mp4	569655209
data/001/1317_video.mp4	466684888
data/001/1318_video.mp4	394215906
data/001/1319_video.mp4	888626899
data/001/1320_video.mp4	72736665
data/001/1321_video.mp4	338192742
data/001/1322_video.mp4	170017352
data/001/1323_video.mp4	490441388
data/001/1324_video.mp4	2451377468
data/001/1325_video.mp4	388187769
data/001/1326_video.mp4	103926264
data/001/1327_video.mp4	606333566
data/001/1328_video.mp4	253889548
data/001/1329_video.mp4	924744581
data/001/1330_video.mp4	113340729
data/001/1331_video.mp4	873432605
data/001/1332_video.mp4	427788909
data/001/1333_video.mp4	122765769
data/001/1334_video.mp4	1746779491
data/001/1335_video.mp4	1992925270
data/001/1336_video.mp4	2239610157
data/001/1337_video.mp4	128865930
data/001/1338_video.mp4	687414159
data/001/1339_video.mp4	1183679289
data/001/1340_video.mp4	4286718884
data/001/1341_video.mp4	1154737807
data/001/1342_video.mp4	551505210
data/001/1343_video.mp4	697149878
data/001/1344_video.mp4	3314678568
data/001/1345_video.mp4	490288281
data/001/1346_video.mp4	2114655845
data/001/1347_video.mp4	578819807
data/001/1348_video.mp4	343334411
data/001/1349_video.mp4	382820641
data/001/1350_video.mp4	527351752
data/001/1351_video.mp4	3237052330
data/001/1352_video.mp4	1012625058
data/001/1353_video.mp4	345080950
data/001/1354_video.mp4	584611816
data/001/1355_video.mp4	891073458
data/001/1356_video.mp4	237273060
data/001/1357_video.mp4	1022437595
data/001/1358_video.mp4	1922397512
data/001/1359_video.mp4	948380819
data/001/1360_video.mp4	689048899
data/001/1361_video.mp4	694573696
data/001/1362_video.mp4	1494066841
data/001/1363_video.mp4	252078368
data/001/1364_video.mp4	1421562012
data/001/1365_video.mp4	150621335
data/001/1366_video.mp4	1214337084
data/001/1367_video.mp4	342901774
data/001/1368_video.mp4	617495544
data/001/1369_video.mp4	529187591
data/001/1370_video.mp4	144053497
metadata.parquet	28407
users.parquet	2032
